ID,x,y,z,x_norm,y_norm,z_norm,edge_or_center,confidence,type
strut-00010,79.04,52.25,85.71,0.09443249701314219,0.06411042944785277,0.1126281208935611,edge,0.542,possible_missing_or_broken_strut
strut-00200,770.21,68.37,46.74,0.9202031063321386,0.08388957055214724,0.061419185282523,edge,0.85,possible_missing_or_broken_strut
strut-00201,770.41,107.86,46.63,0.920442054958184,0.1323435582822086,0.06127463863337714,edge,0.85,possible_missing_or_broken_strut
strut-00202,770.18,68.48,86.23,0.9201672640382317,0.08402453987730062,0.113311432325887,edge,0.85,possible_missing_or_broken_strut
strut-00203,770.38,107.96,86.12,0.9204062126642771,0.13246625766871165,0.11316688567674113,edge,0.85,possible_missing_or_broken_strut
strut-00214,750.54,88.32,86.16,0.8967025089605735,0.1083680981595092,0.11321944809461235,edge,0.619,possible_missing_or_broken_strut
strut-00218,730.89,108.17,86.09,0.8732258064516129,0.1327239263803681,0.11312746386333772,edge,0.542,possible_missing_or_broken_strut
strut-00420,770.61,147.34,46.52,0.9206810035842294,0.18078527607361963,0.06113009198423128,edge,0.85,possible_missing_or_broken_strut
strut-00421,770.82,186.83,46.41,0.9209318996415771,0.229239263803681,0.060985545335085406,edge,0.85,possible_missing_or_broken_strut
strut-00422,770.58,147.45,86.01,0.9206451612903226,0.180920245398773,0.11302233902759527,edge,0.85,possible_missing_or_broken_strut
strut-00423,770.78,186.94,85.9,0.9208841099163679,0.22937423312883434,0.11287779237844942,edge,0.85,possible_missing_or_broken_strut
strut-00640,771.02,226.32,46.3,0.9211708482676224,0.2776932515337423,0.06084099868593955,edge,0.85,possible_missing_or_broken_strut
strut-00642,770.98,226.43,85.79,0.9211230585424134,0.2778282208588957,0.11273324572930356,edge,0.85,possible_missing_or_broken_strut
strut-00643,771.19,265.92,85.68,0.9213739545997611,0.32628220858895707,0.1125886990801577,edge,0.85,possible_missing_or_broken_strut
strut-00862,771.39,305.41,85.57,0.9216129032258065,0.37473619631901844,0.11244415243101182,edge,0.85,possible_missing_or_broken_strut
strut-00863,771.59,344.89,85.46,0.9218518518518519,0.42317791411042943,0.11229960578186596,edge,0.542,possible_missing_or_broken_strut
strut-00946,278.28,406.64,84.89,0.3324731182795699,0.4989447852760736,0.11155059132720105,edge,0.542,possible_missing_or_broken_strut
strut-01310,713.17,503.09,65.23,0.8520549581839904,0.6172883435582822,0.0857161629434954,edge,0.542,possible_missing_or_broken_strut
strut-01666,457.29,662.41,84.33,0.5463440860215054,0.8127730061349693,0.11081471747700394,edge,0.542,possible_missing_or_broken_strut
strut-01728,674.29,621.76,64.87,0.8056033452807646,0.7628957055214723,0.08524310118265441,edge,0.542,possible_missing_or_broken_strut
strut-01772,122.17,762.72,44.29,0.14596176821983273,0.9358527607361964,0.05819973718791064,edge,0.85,possible_missing_or_broken_strut
strut-01773,82.68,762.92,44.26,0.09878136200716847,0.9360981595092024,0.05816031537450723,edge,0.85,possible_missing_or_broken_strut
strut-01774,82.65,763.03,83.74,0.09874551971326166,0.9362331288343558,0.11003942181340341,edge,0.85,possible_missing_or_broken_strut
strut-01775,122.14,762.83,83.78,0.14592592592592593,0.9359877300613497,0.11009198423127464,edge,0.85,possible_missing_or_broken_strut
strut-01800,201.15,762.32,44.35,0.2403225806451613,0.9353619631901842,0.05827858081471748,edge,0.85,possible_missing_or_broken_strut
strut-01801,161.66,762.52,44.32,0.193142174432497,0.9356073619631902,0.05823915900131406,edge,0.85,possible_missing_or_broken_strut
strut-01802,161.63,762.63,83.81,0.1931063321385902,0.9357423312883435,0.11013140604467805,edge,0.85,possible_missing_or_broken_strut
strut-01803,201.12,762.43,83.84,0.2402867383512545,0.9354969325153374,0.11017082785808148,edge,0.85,possible_missing_or_broken_strut
strut-01828,280.13,761.92,44.42,0.33468339307048983,0.9348711656441717,0.05837056504599212,edge,0.85,possible_missing_or_broken_strut
strut-01829,240.64,762.12,44.39,0.28750298685782555,0.9351165644171779,0.0583311432325887,edge,0.85,possible_missing_or_broken_strut
strut-01830,240.6,762.23,83.88,0.28745519713261647,0.9352515337423313,0.11022339027595268,edge,0.85,possible_missing_or_broken_strut
strut-01831,280.09,762.03,83.91,0.33463560334528075,0.9350061349693252,0.11026281208935611,edge,0.85,possible_missing_or_broken_strut
strut-01856,359.1,761.52,44.49,0.42903225806451617,0.9343803680981595,0.058462549277266754,edge,0.85,possible_missing_or_broken_strut
strut-01857,319.61,761.72,44.45,0.3818518518518519,0.9346257668711657,0.05840998685939554,edge,0.85,possible_missing_or_broken_strut
strut-01858,319.58,761.83,83.94,0.38181600955794504,0.934760736196319,0.11030223390275952,edge,0.85,possible_missing_or_broken_strut
strut-01859,359.07,761.63,83.97,0.4289964157706093,0.9345153374233128,0.11034165571616295,edge,0.85,possible_missing_or_broken_strut
strut-01884,438.08,761.12,44.55,0.5233930704898446,0.9338895705521473,0.058541392904073584,edge,0.85,possible_missing_or_broken_strut
strut-01885,398.59,761.32,44.52,0.4762126642771804,0.9341349693251534,0.05850197109067017,edge,0.85,possible_missing_or_broken_strut
strut-01886,398.56,761.43,84.01,0.4761768219832736,0.9342699386503067,0.11039421813403417,edge,0.85,possible_missing_or_broken_strut
strut-01887,438.05,761.23,84.04,0.5233572281959379,0.9340245398773006,0.11043363994743759,edge,0.85,possible_missing_or_broken_strut
strut-01912,517.05,760.72,44.62,0.6177419354838709,0.933398773006135,0.058633377135348226,edge,0.85,possible_missing_or_broken_strut
strut-01913,477.57,760.92,44.58,0.5705734767025089,0.933644171779141,0.058580814717477,edge,0.85,possible_missing_or_broken_strut
strut-01914,477.53,761.03,84.07,0.5705256869772999,0.9337791411042945,0.11047306176084098,edge,0.85,possible_missing_or_broken_strut
strut-01915,517.02,760.82,84.1,0.6177060931899642,0.933521472392638,0.11051248357424441,edge,0.85,possible_missing_or_broken_strut
strut-01940,596.03,760.31,44.68,0.7121027479091995,0.9328957055214723,0.05871222076215506,edge,0.85,possible_missing_or_broken_strut
strut-01941,556.54,760.51,44.65,0.6649223416965352,0.9331411042944785,0.05867279894875164,edge,0.85,possible_missing_or_broken_strut
strut-01942,556.51,760.62,84.14,0.6648864994026285,0.9332760736196319,0.11056504599211564,edge,0.85,possible_missing_or_broken_strut
strut-01943,596.0,760.42,84.17,0.7120669056152927,0.9330306748466257,0.11060446780551905,edge,0.85,possible_missing_or_broken_strut
strut-01968,675.01,759.91,44.75,0.806463560334528,0.93240490797546,0.0588042049934297,edge,0.85,possible_missing_or_broken_strut
strut-01969,635.52,760.11,44.71,0.7592831541218638,0.9326503067484663,0.058751642575558476,edge,0.85,possible_missing_or_broken_strut
strut-01970,635.49,760.22,84.2,0.759247311827957,0.9327852760736197,0.11064388961892248,edge,0.85,possible_missing_or_broken_strut
strut-01971,674.98,760.02,84.24,0.8064277180406213,0.9325398773006135,0.11069645203679368,edge,0.85,possible_missing_or_broken_strut
strut-02000,753.98,759.51,44.81,0.9008124253285544,0.9319141104294478,0.058883048620236536,edge,0.85,possible_missing_or_broken_strut
strut-02001,714.5,759.71,44.78,0.8536439665471923,0.932159509202454,0.05884362680683312,edge,0.85,possible_missing_or_broken_strut
strut-02002,714.46,759.82,84.27,0.8535961768219833,0.9322944785276074,0.1107358738501971,edge,0.85,possible_missing_or_broken_strut
strut-02003,753.95,759.62,84.3,0.9007765830346476,0.9320490797546013,0.11077529566360052,edge,0.85,possible_missing_or_broken_strut
strut-02216,770.15,68.59,125.72,0.9201314217443249,0.08415950920245399,0.16520367936925098,edge,0.85,possible_missing_or_broken_strut
strut-02217,770.35,108.07,125.61,0.9203703703703704,0.13260122699386503,0.1650591327201051,edge,0.85,possible_missing_or_broken_strut
strut-02218,770.12,68.7,165.21,0.9200955794504182,0.08429447852760737,0.217095926412615,edge,0.85,possible_missing_or_broken_strut
strut-02219,770.32,108.18,165.1,0.9203345280764637,0.13273619631901842,0.21695137976346912,edge,0.85,possible_missing_or_broken_strut
strut-02231,730.66,68.79,125.68,0.8729510155316607,0.08440490797546013,0.16515111695137977,edge,0.542,possible_missing_or_broken_strut
strut-02251,79.49,151.13,144.67,0.09497013142174432,0.1854355828220859,0.19010512483574243,edge,0.542,possible_missing_or_broken_strut
strut-02359,474.61,188.5,105.4,0.567037037037037,0.2312883435582822,0.13850197109067017,edge,0.619,possible_missing_or_broken_strut
strut-02436,770.55,147.56,125.5,0.9206093189964157,0.18105521472392638,0.16491458607095927,edge,0.85,possible_missing_or_broken_strut
strut-02437,770.75,187.05,125.39,0.9208482676224612,0.22950920245398773,0.1647700394218134,edge,0.85,possible_missing_or_broken_strut
strut-02438,770.52,147.67,164.99,0.9205734767025089,0.18119018404907974,0.21680683311432328,edge,0.85,possible_missing_or_broken_strut
strut-02439,770.72,187.16,164.88,0.9208124253285543,0.2296441717791411,0.21666228646517738,edge,0.85,possible_missing_or_broken_strut
strut-02656,770.95,226.54,125.28,0.9210872162485066,0.2779631901840491,0.16462549277266755,edge,0.85,possible_missing_or_broken_strut
strut-02657,771.15,266.03,125.17,0.921326164874552,0.3264171779141104,0.16448094612352168,edge,0.696,possible_missing_or_broken_strut
strut-02658,770.92,226.65,164.77,0.9210513739545997,0.27809815950920247,0.21651773981603156,edge,0.85,possible_missing_or_broken_strut
strut-02659,771.12,266.14,164.66,0.9212903225806451,0.3265521472392638,0.21637319316688566,edge,0.85,possible_missing_or_broken_strut
strut-02876,771.35,305.52,125.06,0.9215651135005974,0.3748711656441718,0.1643363994743758,edge,0.85,possible_missing_or_broken_strut
strut-02878,771.32,305.62,164.55,0.9215292712066906,0.37499386503067483,0.21622864651773982,edge,0.85,possible_missing_or_broken_strut
strut-03096,771.76,384.49,124.84,0.9220549581839904,0.4717668711656442,0.1640473061760841,edge,0.542,possible_missing_or_broken_strut
strut-03256,515.47,464.83,144.16,0.6158542413381123,0.5703435582822086,0.18943495400788435,edge,0.542,possible_missing_or_broken_strut
strut-03779,82.53,743.34,103.54,0.09860215053763441,0.9120736196319019,0.13605781865965835,edge,0.773,possible_missing_or_broken_strut
strut-03781,62.77,743.5,123.27,0.07499402628434887,0.9122699386503067,0.16198423127463862,edge,0.696,possible_missing_or_broken_strut
strut-03788,122.11,762.94,123.27,0.1458900836320191,0.9361226993865032,0.16198423127463862,edge,0.85,possible_missing_or_broken_strut
strut-03789,82.62,763.14,123.23,0.09870967741935484,0.9363680981595092,0.1619316688567674,edge,0.85,possible_missing_or_broken_strut
strut-03790,82.59,763.25,162.72,0.09867383512544803,0.9365030674846626,0.21382391590013142,edge,0.85,possible_missing_or_broken_strut
strut-03791,122.08,763.05,162.75,0.1458542413381123,0.9362576687116564,0.21386333771353483,edge,0.85,possible_missing_or_broken_strut
strut-03816,201.08,762.54,123.33,0.24023894862604542,0.9356319018404907,0.16206307490144548,edge,0.85,possible_missing_or_broken_strut
strut-03817,161.6,762.74,123.3,0.1930704898446834,0.9358773006134969,0.16202365308804204,edge,0.85,possible_missing_or_broken_strut
strut-03818,161.56,762.85,162.79,0.1930227001194743,0.9360122699386504,0.21391590013140604,edge,0.85,possible_missing_or_broken_strut
strut-03819,201.05,762.65,162.82,0.2402031063321386,0.9357668711656442,0.21395532194480946,edge,0.85,possible_missing_or_broken_strut
strut-03844,280.06,762.14,123.4,0.33459976105137396,0.9351411042944785,0.1621550591327201,edge,0.85,possible_missing_or_broken_strut
strut-03845,240.57,762.34,123.36,0.2874193548387097,0.9353865030674847,0.1621024967148489,edge,0.85,possible_missing_or_broken_strut
strut-03846,240.54,762.45,162.85,0.2873835125448029,0.935521472392638,0.21399474375821287,edge,0.85,possible_missing_or_broken_strut
strut-03847,280.03,762.25,162.89,0.3345639187574671,0.9352760736196319,0.21404730617608408,edge,0.85,possible_missing_or_broken_strut
strut-03872,359.04,761.74,123.46,0.4289605734767025,0.9346503067484663,0.16223390275952693,edge,0.85,possible_missing_or_broken_strut
strut-03873,319.55,761.94,123.43,0.38178016726403824,0.9348957055214725,0.16219448094612354,edge,0.85,possible_missing_or_broken_strut
strut-03874,319.52,762.05,162.92,0.3817443249701314,0.9350306748466257,0.2140867279894875,edge,0.85,possible_missing_or_broken_strut
strut-03875,359.01,761.85,162.95,0.42892473118279567,0.9347852760736196,0.2141261498028909,edge,0.85,possible_missing_or_broken_strut
strut-03900,438.01,761.34,123.53,0.5233094384707287,0.934159509202454,0.16232588699080158,edge,0.85,possible_missing_or_broken_strut
strut-03901,398.53,761.54,123.5,0.47614097968936675,0.93440490797546,0.16228646517739817,edge,0.85,possible_missing_or_broken_strut
strut-03902,398.49,761.65,162.98,0.4760931899641577,0.9345398773006135,0.21416557161629435,edge,0.85,possible_missing_or_broken_strut
strut-03903,437.98,761.44,163.02,0.523273596176822,0.9342822085889572,0.2142181340341656,edge,0.85,possible_missing_or_broken_strut
strut-03928,516.99,760.93,123.59,0.6176702508960573,0.9336564417177914,0.1624047306176084,edge,0.85,possible_missing_or_broken_strut
strut-03929,477.5,761.13,123.56,0.570489844683393,0.9339018404907975,0.162365308804205,edge,0.85,possible_missing_or_broken_strut
strut-03930,477.47,761.24,163.05,0.5704540023894863,0.9340368098159509,0.214257555847569,edge,0.85,possible_missing_or_broken_strut
strut-03931,516.96,761.04,163.08,0.6176344086021506,0.9337914110429447,0.21429697766097242,edge,0.85,possible_missing_or_broken_strut
strut-03956,595.97,760.53,123.66,0.7120310633213859,0.9331656441717792,0.16249671484888303,edge,0.85,possible_missing_or_broken_strut
strut-03957,556.48,760.73,123.63,0.6648506571087216,0.9334110429447853,0.16245729303547962,edge,0.85,possible_missing_or_broken_strut
strut-03958,556.45,760.84,163.11,0.6648148148148149,0.9335460122699387,0.21433639947437583,edge,0.85,possible_missing_or_broken_strut
strut-03959,595.93,760.64,163.15,0.7119832735961767,0.9333006134969325,0.21438896189224704,edge,0.85,possible_missing_or_broken_strut
strut-03984,674.94,760.13,123.72,0.8063799283154123,0.9326748466257668,0.16257555847568989,edge,0.85,possible_missing_or_broken_strut
strut-03985,635.46,760.33,123.69,0.7592114695340503,0.932920245398773,0.16253613666228647,edge,0.85,possible_missing_or_broken_strut
strut-03986,635.42,760.44,163.18,0.759163679808841,0.9330552147239265,0.21442838370565048,edge,0.85,possible_missing_or_broken_strut
strut-03987,674.91,760.24,163.21,0.8063440860215053,0.9328098159509203,0.2144678055190539,edge,0.85,possible_missing_or_broken_strut
strut-04016,753.92,759.73,123.79,0.9007407407407407,0.9321840490797546,0.16266754270696454,edge,0.85,possible_missing_or_broken_strut
strut-04017,714.43,759.93,123.76,0.8535603345280764,0.9324294478527607,0.1626281208935611,edge,0.85,possible_missing_or_broken_strut
strut-04018,714.4,760.04,163.25,0.8535244922341696,0.932564417177914,0.2145203679369251,edge,0.85,possible_missing_or_broken_strut
strut-04019,753.89,759.84,163.28,0.9007048984468339,0.932319018404908,0.21455978975032852,edge,0.85,possible_missing_or_broken_strut
strut-04101,256.7,71.52,243.76,0.3066905615292712,0.08775460122699386,0.3203153745072273,edge,0.542,possible_missing_or_broken_strut
strut-04232,770.08,68.8,204.7,0.9200477897252092,0.08441717791411042,0.268988173455979,edge,0.85,possible_missing_or_broken_strut
strut-04233,770.29,108.29,204.59,0.9202986857825567,0.13287116564417178,0.2688436268068331,edge,0.85,possible_missing_or_broken_strut
strut-04234,770.05,68.91,244.18,0.9200119474313022,0.0845521472392638,0.3208672798948752,edge,0.619,possible_missing_or_broken_strut
strut-04235,770.25,108.4,244.07,0.9202508960573477,0.13300613496932517,0.3207227332457293,edge,0.85,possible_missing_or_broken_strut
strut-04250,730.76,108.6,244.04,0.8730704898446834,0.13325153374233129,0.32068331143232587,edge,0.542,possible_missing_or_broken_strut
strut-04251,730.8,108.49,204.55,0.8731182795698924,0.1331165644171779,0.2687910643889619,edge,0.542,possible_missing_or_broken_strut
strut-04452,770.49,147.78,204.48,0.9205376344086021,0.18132515337423313,0.26869908015768723,edge,0.85,possible_missing_or_broken_strut
strut-04453,770.69,187.27,204.37,0.9207765830346476,0.22977914110429448,0.2685545335085414,edge,0.85,possible_missing_or_broken_strut
strut-04454,770.45,147.89,243.97,0.9204898446833931,0.1814601226993865,0.32059132720105127,edge,0.85,possible_missing_or_broken_strut
strut-04455,770.65,187.38,243.86,0.9207287933094385,0.22991411042944784,0.3204467805519054,edge,0.85,possible_missing_or_broken_strut
strut-04495,99.79,269.66,203.59,0.11922341696535246,0.3308711656441718,0.26752956636005254,edge,0.542,possible_missing_or_broken_strut
strut-04661,652.39,227.47,243.65,0.7794384707287932,0.2791042944785276,0.3201708278580815,center,0.542,possible_missing_or_broken_strut
strut-04672,770.89,226.76,204.26,0.9210155316606929,0.2782331288343558,0.26840998685939554,edge,0.85,possible_missing_or_broken_strut
strut-04673,771.09,266.25,204.15,0.9212544802867384,0.3266871165644172,0.2682654402102497,edge,0.85,possible_missing_or_broken_strut
strut-04674,770.86,226.87,243.75,0.9209796893667862,0.2783680981595092,0.3203022339027595,edge,0.85,possible_missing_or_broken_strut
strut-04675,771.06,266.36,243.64,0.9212186379928314,0.32682208588957057,0.32015768725361365,edge,0.85,possible_missing_or_broken_strut
strut-04747,218.42,308.65,243.07,0.2609557945041816,0.3787116564417178,0.31940867279894875,center,0.542,possible_missing_or_broken_strut
strut-04752,238.27,328.3,243.03,0.28467144563918756,0.4028220858895706,0.31935611038107753,center,0.696,possible_missing_or_broken_strut
strut-04892,771.29,305.73,204.04,0.9214934289127837,0.3751288343558282,0.2681208935611038,edge,0.85,possible_missing_or_broken_strut
strut-04894,771.26,305.84,243.53,0.9214575866188769,0.37526380368098156,0.3200131406044678,edge,0.85,possible_missing_or_broken_strut
strut-04895,771.46,345.33,243.42,0.9216965352449223,0.42371779141104293,0.3198685939553219,edge,0.542,possible_missing_or_broken_strut
strut-04931,100.39,388.12,203.26,0.11994026284348865,0.47622085889570553,0.267095926412615,edge,0.542,possible_missing_or_broken_strut
strut-05066,554.37,366.18,243.18,0.6623297491039427,0.4493006134969325,0.3195532194480946,center,0.619,possible_missing_or_broken_strut
strut-05223,337.72,465.9,203.24,0.4034886499402629,0.5716564417177914,0.2670696452036794,center,0.619,possible_missing_or_broken_strut
strut-05621,279.31,624.09,183.01,0.3337037037037037,0.7657546012269939,0.2404862023653088,center,0.542,possible_missing_or_broken_strut
strut-05804,122.04,763.16,202.24,0.14580645161290323,0.9363926380368098,0.2657555847568988,edge,0.85,possible_missing_or_broken_strut
strut-05805,82.55,763.36,202.21,0.09862604540023895,0.9366380368098159,0.2657161629434954,edge,0.85,possible_missing_or_broken_strut
strut-05806,82.52,763.47,241.7,0.09859020310633214,0.9367730061349694,0.3176084099868594,edge,0.85,possible_missing_or_broken_strut
strut-05807,122.01,763.27,241.73,0.1457706093189964,0.9365276073619632,0.3176478318002628,edge,0.85,possible_missing_or_broken_strut
strut-05823,161.45,743.16,182.59,0.19289127837514933,0.9118527607361963,0.23993429697766097,edge,0.773,possible_missing_or_broken_strut
strut-05832,201.02,762.76,202.31,0.2401672640382318,0.9359018404907975,0.26584756898817347,edge,0.85,possible_missing_or_broken_strut
strut-05833,161.53,762.96,202.28,0.19298685782556751,0.9361472392638037,0.26580814717477,edge,0.85,possible_missing_or_broken_strut
strut-05834,161.5,763.07,241.76,0.1929510155316607,0.9362822085889572,0.31768725361366623,edge,0.85,possible_missing_or_broken_strut
strut-05835,200.99,762.87,241.8,0.24013142174432497,0.9360368098159509,0.31773981603153745,edge,0.85,possible_missing_or_broken_strut
strut-05860,280.0,762.36,202.37,0.3345280764635603,0.9354110429447853,0.2659264126149803,edge,0.85,possible_missing_or_broken_strut
strut-05861,240.51,762.56,202.34,0.287347670250896,0.9356564417177914,0.26588699080157685,edge,0.85,possible_missing_or_broken_strut
strut-05862,240.48,762.67,241.83,0.28731182795698923,0.9357914110429447,0.3177792378449409,edge,0.85,possible_missing_or_broken_strut
strut-05863,279.96,762.47,241.86,0.33448028673835123,0.9355460122699387,0.3178186596583443,edge,0.85,possible_missing_or_broken_strut
strut-05888,358.97,761.96,202.44,0.42887694145758665,0.934920245398773,0.26601839684625495,edge,0.85,possible_missing_or_broken_strut
strut-05889,319.48,762.16,202.41,0.38169653524492236,0.935165644171779,0.2659789750328515,edge,0.85,possible_missing_or_broken_strut
strut-05890,319.45,762.27,241.9,0.3816606929510155,0.9353006134969325,0.3178712220762155,edge,0.85,possible_missing_or_broken_strut
strut-05891,358.94,762.07,241.93,0.4288410991636798,0.9350552147239264,0.3179106438896189,edge,0.85,possible_missing_or_broken_strut
strut-05916,437.95,761.55,202.51,0.5232377538829152,0.9344171779141104,0.26611038107752955,edge,0.85,possible_missing_or_broken_strut
strut-05917,398.46,761.76,202.47,0.4760573476702509,0.9346748466257668,0.26605781865965833,edge,0.85,possible_missing_or_broken_strut
strut-05918,398.43,761.86,241.96,0.4760215053763441,0.9347975460122699,0.31795006570302237,edge,0.85,possible_missing_or_broken_strut
strut-05919,437.92,761.66,241.99,0.5232019115890084,0.9345521472392637,0.31798948751642575,edge,0.85,possible_missing_or_broken_strut
strut-05944,516.93,761.15,202.57,0.6175985663082436,0.9339263803680982,0.26618922470433637,edge,0.85,possible_missing_or_broken_strut
strut-05945,477.44,761.35,202.54,0.5704181600955794,0.9341717791411043,0.266149802890933,edge,0.85,possible_missing_or_broken_strut
strut-05946,477.41,761.46,242.03,0.5703823178016727,0.9343067484662577,0.31804204993429697,edge,0.85,possible_missing_or_broken_strut
strut-05947,516.89,761.26,242.06,0.6175507765830346,0.9340613496932515,0.3180814717477004,edge,0.85,possible_missing_or_broken_strut
strut-05972,595.9,760.75,202.64,0.71194743130227,0.9334355828220859,0.266281208935611,edge,0.85,possible_missing_or_broken_strut
strut-05973,556.41,760.95,202.6,0.6647670250896057,0.933680981595092,0.2662286465177398,edge,0.85,possible_missing_or_broken_strut
strut-05974,556.38,761.06,242.09,0.6647311827956989,0.9338159509202454,0.3181208935611038,edge,0.85,possible_missing_or_broken_strut
strut-05975,595.87,760.86,242.12,0.7119115890083632,0.9335705521472393,0.31816031537450723,edge,0.85,possible_missing_or_broken_strut
strut-06000,674.88,760.35,202.7,0.8063082437275986,0.9329447852760736,0.26636005256241785,edge,0.85,possible_missing_or_broken_strut
strut-06001,635.39,760.55,202.67,0.7591278375149343,0.9331901840490797,0.26632063074901446,edge,0.85,possible_missing_or_broken_strut
strut-06002,635.36,760.66,242.16,0.7590919952210275,0.933325153374233,0.31821287779237845,edge,0.85,possible_missing_or_broken_strut
strut-06003,674.85,760.46,242.19,0.8062724014336918,0.933079754601227,0.3182522996057819,edge,0.85,possible_missing_or_broken_strut
strut-06032,753.86,759.95,202.77,0.9006690561529271,0.9324539877300614,0.2664520367936925,edge,0.85,possible_missing_or_broken_strut
strut-06033,714.37,760.15,202.73,0.8534886499402629,0.9326993865030675,0.2663994743758213,edge,0.85,possible_missing_or_broken_strut
strut-06034,714.34,760.26,242.22,0.8534528076463561,0.9328343558282208,0.31829172141918527,edge,0.85,possible_missing_or_broken_strut
strut-06035,753.82,760.06,242.26,0.9006212664277181,0.9325889570552146,0.3183442838370565,edge,0.85,possible_missing_or_broken_strut
strut-06248,770.02,69.02,283.67,0.9199761051373955,0.08468711656441717,0.37275952693823916,edge,0.542,possible_missing_or_broken_strut
strut-06249,770.22,108.51,283.56,0.9202150537634409,0.13314110429447854,0.3726149802890933,edge,0.85,possible_missing_or_broken_strut
strut-06251,770.19,108.62,323.05,0.9201792114695341,0.1332760736196319,0.4245072273324573,edge,0.85,possible_missing_or_broken_strut
strut-06259,710.77,69.38,303.37,0.8491875746714456,0.08512883435582821,0.398646517739816,edge,0.542,possible_missing_or_broken_strut
strut-06468,770.42,148.0,283.45,0.9204540023894862,0.18159509202453988,0.3724704336399474,edge,0.85,possible_missing_or_broken_strut
strut-06469,770.62,187.49,283.34,0.9206929510155316,0.23004907975460123,0.37232588699080155,edge,0.85,possible_missing_or_broken_strut
strut-06471,770.59,187.6,322.83,0.9206571087216249,0.2301840490797546,0.42421813403416553,edge,0.85,possible_missing_or_broken_strut
strut-06670,632.8,267.22,302.76,0.7560334528076463,0.32787730061349696,0.3978449408672799,center,0.542,possible_missing_or_broken_strut
strut-06688,770.82,226.98,283.24,0.9209318996415771,0.2785030674846626,0.3721944809461235,edge,0.85,possible_missing_or_broken_strut
strut-06689,771.02,266.46,283.13,0.9211708482676224,0.32694478527607357,0.37204993429697764,edge,0.85,possible_missing_or_broken_strut
strut-06690,770.79,227.09,322.72,0.9208960573476702,0.27863803680981597,0.42407358738501977,edge,0.85,possible_missing_or_broken_strut
strut-06691,770.99,266.57,322.61,0.9211350059737157,0.327079754601227,0.42392904073587384,edge,0.85,possible_missing_or_broken_strut
strut-06908,771.23,305.95,283.02,0.9214217443249701,0.37539877300613494,0.37190538764783176,edge,0.85,possible_missing_or_broken_strut
strut-06909,771.43,345.44,282.91,0.9216606929510155,0.4238527607361963,0.37176084099868595,edge,0.85,possible_missing_or_broken_strut
strut-06910,771.19,306.06,322.51,0.9213739545997611,0.37553374233128833,0.4237976346911958,edge,0.85,possible_missing_or_broken_strut
strut-06911,771.39,345.55,322.4,0.9216129032258065,0.4239877300613497,0.42365308804204993,edge,0.696,possible_missing_or_broken_strut
strut-07130,771.6,385.04,322.29,0.9218637992831541,0.4724417177914111,0.4235085413929041,edge,0.542,possible_missing_or_broken_strut
strut-07225,298.37,505.8,282.08,0.35647550776583037,0.6206134969325153,0.3706701708278581,center,0.542,possible_missing_or_broken_strut
strut-07420,219.59,545.69,281.9,0.2623536439665472,0.669558282208589,0.37043363994743755,center,0.542,possible_missing_or_broken_strut
strut-07706,417.61,663.26,321.23,0.49893667861409796,0.8138159509202454,0.4221156373193167,edge,0.619,possible_missing_or_broken_strut
strut-07820,121.98,763.38,281.22,0.1457347670250896,0.9366625766871166,0.36954007884362683,edge,0.85,possible_missing_or_broken_strut
strut-07821,82.49,763.58,281.19,0.09855436081242533,0.9369079754601227,0.3695006570302234,edge,0.85,possible_missing_or_broken_strut
strut-07822,82.46,763.69,320.68,0.0985185185185185,0.9370429447852762,0.42139290407358737,edge,0.85,possible_missing_or_broken_strut
strut-07823,121.95,763.49,320.71,0.1456989247311828,0.9367975460122699,0.42143232588699076,edge,0.85,possible_missing_or_broken_strut
strut-07848,200.96,762.98,281.29,0.24009557945041818,0.9361717791411043,0.3696320630749015,edge,0.85,possible_missing_or_broken_strut
strut-07849,161.47,763.18,281.25,0.1929151732377539,0.9364171779141104,0.3695795006570302,edge,0.85,possible_missing_or_broken_strut
strut-07850,161.44,763.29,320.74,0.19287933094384707,0.9365521472392637,0.42147174770039425,edge,0.85,possible_missing_or_broken_strut
strut-07851,200.92,763.09,320.77,0.24004778972520907,0.9363067484662577,0.42151116951379763,edge,0.85,possible_missing_or_broken_strut
strut-07876,279.93,762.58,281.35,0.33444444444444443,0.935680981595092,0.3697109067017083,edge,0.85,possible_missing_or_broken_strut
strut-07877,240.44,762.78,281.32,0.28726403823178015,0.9359263803680982,0.36967148488830487,edge,0.85,possible_missing_or_broken_strut
strut-07878,240.41,762.89,320.81,0.28722819593787335,0.9360613496932515,0.42156373193166885,edge,0.85,possible_missing_or_broken_strut
strut-07879,279.9,762.69,320.84,0.3344086021505376,0.9358159509202455,0.42160315374507223,edge,0.85,possible_missing_or_broken_strut
strut-07904,358.91,762.17,281.42,0.42880525686977305,0.9351779141104294,0.36980289093298296,edge,0.85,possible_missing_or_broken_strut
strut-07905,319.42,762.38,281.38,0.3816248506571087,0.9354355828220858,0.3697503285151117,edge,0.85,possible_missing_or_broken_strut
strut-07906,319.39,762.48,320.87,0.3815890083632019,0.9355582822085889,0.4216425755584757,edge,0.85,possible_missing_or_broken_strut
strut-07907,358.88,762.28,320.91,0.4287694145758662,0.9353128834355828,0.42169513797634695,edge,0.85,possible_missing_or_broken_strut
strut-07932,437.89,761.77,281.48,0.5231660692951016,0.9346871165644172,0.3698817345597898,edge,0.85,possible_missing_or_broken_strut
strut-07933,398.4,761.97,281.45,0.4759856630824372,0.9349325153374234,0.3698423127463863,edge,0.85,possible_missing_or_broken_strut
strut-07934,398.36,762.08,320.94,0.4759378733572282,0.9350674846625767,0.42173455978975033,edge,0.85,possible_missing_or_broken_strut
strut-07935,437.85,761.88,320.97,0.5231182795698925,0.9348220858895705,0.42177398160315377,edge,0.85,possible_missing_or_broken_strut
strut-07960,516.86,761.37,281.55,0.6175149342891278,0.9341963190184049,0.3699737187910644,edge,0.85,possible_missing_or_broken_strut
strut-07961,477.37,761.57,281.52,0.5703345280764636,0.934441717791411,0.36993429697766095,edge,0.85,possible_missing_or_broken_strut
strut-07962,477.34,761.68,321.0,0.5702986857825567,0.9345766871165644,0.42181340341655715,edge,0.85,possible_missing_or_broken_strut
strut-07963,516.83,761.48,321.04,0.6174790919952211,0.9343312883435583,0.4218659658344284,edge,0.85,possible_missing_or_broken_strut
strut-07988,595.84,760.97,281.61,0.7118757467144564,0.9337055214723927,0.37005256241787127,edge,0.85,possible_missing_or_broken_strut
strut-07989,556.35,761.17,281.58,0.6646953405017921,0.9339509202453987,0.37001314060446777,edge,0.85,possible_missing_or_broken_strut
strut-07990,556.32,761.28,321.07,0.6646594982078854,0.9340858895705522,0.4219053876478318,edge,0.85,possible_missing_or_broken_strut
strut-07991,595.81,761.08,321.1,0.7118399044205496,0.933840490797546,0.42194480946123525,edge,0.85,possible_missing_or_broken_strut
strut-08016,674.81,760.57,281.68,0.8062246117084826,0.9332147239263804,0.37014454664914587,edge,0.85,possible_missing_or_broken_strut
strut-08017,635.33,760.77,281.65,0.7590561529271207,0.9334601226993865,0.3701051248357424,edge,0.85,possible_missing_or_broken_strut
strut-08018,635.29,760.88,321.13,0.7590083632019116,0.9335950920245398,0.42198423127463863,edge,0.85,possible_missing_or_broken_strut
strut-08019,674.78,760.68,321.17,0.8061887694145758,0.9333496932515337,0.4220367936925099,edge,0.85,possible_missing_or_broken_strut
strut-08048,753.79,760.17,281.74,0.9005854241338112,0.932723926380368,0.3702233902759527,edge,0.85,possible_missing_or_broken_strut
strut-08049,714.3,760.37,281.71,0.8534050179211469,0.9329693251533743,0.37018396846254925,edge,0.85,possible_missing_or_broken_strut
strut-08050,714.27,760.48,321.2,0.8533691756272401,0.9331042944785276,0.42207621550591323,edge,0.85,possible_missing_or_broken_strut
strut-08051,753.76,760.28,321.23,0.9005495818399044,0.9328588957055214,0.4221156373193167,edge,0.85,possible_missing_or_broken_strut
strut-08114,276.57,111.19,342.39,0.33043010752688173,0.13642944785276073,0.44992115637319313,edge,0.542,possible_missing_or_broken_strut
strut-08136,315.86,71.5,342.53,0.3773715651135006,0.08773006134969324,0.4501051248357424,edge,0.542,possible_missing_or_broken_strut
strut-08164,375.07,71.25,362.32,0.44811230585424133,0.08742331288343558,0.47611038107752957,edge,0.542,possible_missing_or_broken_strut
strut-08265,770.16,108.73,362.54,0.9201433691756272,0.13341104294478529,0.4763994743758213,edge,0.85,possible_missing_or_broken_strut
strut-08267,770.12,108.84,402.03,0.9200955794504182,0.13354601226993865,0.5282917214191852,edge,0.85,possible_missing_or_broken_strut
strut-08484,770.36,148.22,362.43,0.9203823178016727,0.18186503067484663,0.47625492772667544,edge,0.85,possible_missing_or_broken_strut
strut-08485,770.56,187.71,362.32,0.920621266427718,0.23031901840490798,0.47611038107752957,edge,0.85,possible_missing_or_broken_strut
strut-08486,770.33,148.33,401.92,0.9203464755077658,0.18200000000000002,0.5281471747700395,edge,0.85,possible_missing_or_broken_strut
strut-08487,770.53,187.82,401.81,0.9205854241338112,0.23045398773006134,0.5280026281208936,edge,0.85,possible_missing_or_broken_strut
strut-08499,730.87,148.42,362.4,0.8732019115890084,0.18211042944785275,0.476215505913272,edge,0.542,possible_missing_or_broken_strut
strut-08501,730.84,148.53,401.89,0.8731660692951015,0.18224539877300613,0.528107752956636,edge,0.542,possible_missing_or_broken_strut
strut-08704,770.76,227.2,362.21,0.9208602150537635,0.2787730061349693,0.4759658344283837,edge,0.85,possible_missing_or_broken_strut
strut-08705,770.96,266.68,362.1,0.9210991636798089,0.3272147239263804,0.4758212877792379,edge,0.85,possible_missing_or_broken_strut
strut-08706,770.73,227.3,401.7,0.9208243727598566,0.2788957055214724,0.5278580814717477,edge,0.85,possible_missing_or_broken_strut
strut-08707,770.93,266.79,401.59,0.921063321385902,0.3273496932515338,0.5277135348226019,edge,0.85,possible_missing_or_broken_strut
strut-08764,198.68,328.83,361.47,0.2373715651135006,0.4034723926380368,0.47499342969776615,center,0.542,possible_missing_or_broken_strut
strut-08823,396.24,347.51,341.83,0.473405017921147,0.4263926380368098,0.44918528252299605,center,0.542,possible_missing_or_broken_strut
strut-08924,771.16,306.17,361.99,0.9213381123058542,0.3756687116564417,0.475676741130092,edge,0.85,possible_missing_or_broken_strut
strut-08925,771.36,345.66,361.88,0.9215770609318996,0.4241226993865031,0.47553219448094614,edge,0.85,possible_missing_or_broken_strut
strut-08926,771.13,306.28,401.48,0.9213022700119474,0.37580368098159506,0.527568988173456,edge,0.85,possible_missing_or_broken_strut
strut-08927,771.33,345.77,401.37,0.9215412186379929,0.42425766871165643,0.5274244415243101,edge,0.85,possible_missing_or_broken_strut
strut-09146,771.53,385.26,401.26,0.9217801672640382,0.47271165644171775,0.5272798948751642,edge,0.542,possible_missing_or_broken_strut
strut-09273,396.93,485.78,361.19,0.4742293906810036,0.5960490797546012,0.4746254927726675,center,0.619,possible_missing_or_broken_strut
strut-09303,495.55,465.53,361.33,0.5920549581839905,0.5712024539877301,0.4748094612352168,center,0.542,possible_missing_or_broken_strut
strut-09778,614.98,662.48,400.37,0.7347431302270012,0.8128588957055215,0.5261103810775296,edge,0.696,possible_missing_or_broken_strut
strut-09836,121.91,763.6,360.2,0.1456511350059737,0.9369325153374234,0.4733245729303548,edge,0.85,possible_missing_or_broken_strut
strut-09837,82.43,763.8,360.17,0.09848267622461172,0.9371779141104294,0.4732851511169514,edge,0.85,possible_missing_or_broken_strut
strut-09838,82.39,763.91,399.65,0.09843488649940263,0.9373128834355828,0.5251642575558475,edge,0.85,possible_missing_or_broken_strut
strut-09839,121.88,763.71,399.69,0.1456152927120669,0.9370674846625767,0.5252168199737188,edge,0.85,possible_missing_or_broken_strut
strut-09864,200.89,763.2,360.26,0.24001194743130225,0.936441717791411,0.4734034165571616,edge,0.85,possible_missing_or_broken_strut
strut-09865,161.4,763.4,360.23,0.192831541218638,0.9366871165644172,0.47336399474375823,edge,0.85,possible_missing_or_broken_strut
strut-09866,161.37,763.51,399.72,0.1927956989247312,0.9368220858895705,0.5252562417871223,edge,0.85,possible_missing_or_broken_strut
strut-09867,200.86,763.31,399.75,0.23997610513739548,0.9365766871165644,0.5252956636005256,edge,0.85,possible_missing_or_broken_strut
strut-09892,279.87,762.8,360.33,0.33437275985663084,0.9359509202453987,0.47349540078843627,edge,0.85,possible_missing_or_broken_strut
strut-09893,240.38,763.0,360.3,0.28719235364396656,0.9361963190184049,0.4734559789750329,edge,0.85,possible_missing_or_broken_strut
strut-09894,240.35,763.11,399.78,0.2871565113500597,0.9363312883435583,0.525335085413929,edge,0.85,possible_missing_or_broken_strut
strut-09895,279.84,762.9,399.82,0.334336917562724,0.9360736196319018,0.5253876478318003,edge,0.85,possible_missing_or_broken_strut
strut-09920,358.84,762.39,360.39,0.42872162485065707,0.9354478527607362,0.4735742444152431,edge,0.85,possible_missing_or_broken_strut
strut-09921,319.36,762.59,360.36,0.3815531660692951,0.9356932515337424,0.4735348226018397,edge,0.85,possible_missing_or_broken_strut
strut-09922,319.32,762.7,399.85,0.381505376344086,0.9358282208588957,0.5254270696452037,edge,0.85,possible_missing_or_broken_strut
strut-09923,358.81,762.5,399.88,0.4286857825567503,0.9355828220858896,0.5254664914586071,edge,0.85,possible_missing_or_broken_strut
strut-09948,437.82,761.99,360.46,0.5230824372759857,0.9349570552147239,0.4736662286465177,edge,0.85,possible_missing_or_broken_strut
strut-09949,398.33,762.19,360.43,0.47590203106332135,0.9352024539877302,0.4736268068331143,edge,0.85,possible_missing_or_broken_strut
strut-09950,398.3,762.3,399.92,0.4758661887694146,0.9353374233128834,0.5255190538764783,edge,0.85,possible_missing_or_broken_strut
strut-09951,437.79,762.1,399.95,0.5230465949820788,0.9350920245398773,0.5255584756898817,edge,0.85,possible_missing_or_broken_strut
strut-09976,516.8,761.59,360.53,0.6174432497013141,0.9344662576687117,0.47375821287779235,edge,0.85,possible_missing_or_broken_strut
strut-09977,477.31,761.79,360.49,0.57026284348865,0.9347116564417177,0.4737056504599212,edge,0.85,possible_missing_or_broken_strut
strut-09978,477.28,761.9,399.98,0.5702270011947431,0.9348466257668712,0.5255978975032852,edge,0.85,possible_missing_or_broken_strut
strut-09979,516.77,761.7,400.01,0.6174074074074074,0.934601226993865,0.5256373193166886,edge,0.85,possible_missing_or_broken_strut
strut-10003,595.34,682.32,400.3,0.7112783751493429,0.8372024539877301,0.526018396846255,edge,0.696,possible_missing_or_broken_strut
strut-10004,595.77,761.19,360.59,0.7117921146953404,0.9339754601226995,0.4738370565045992,edge,0.85,possible_missing_or_broken_strut
strut-10005,556.29,761.39,360.56,0.6646236559139784,0.9342208588957055,0.4737976346911958,edge,0.85,possible_missing_or_broken_strut
strut-10006,556.25,761.5,400.05,0.6645758661887694,0.9343558282208589,0.5256898817345598,edge,0.85,possible_missing_or_broken_strut
strut-10007,595.74,761.3,400.08,0.7117562724014337,0.9341104294478527,0.5257293035479632,edge,0.85,possible_missing_or_broken_strut
strut-10027,615.18,701.97,400.26,0.7349820788530466,0.8613128834355829,0.5259658344283837,edge,0.619,possible_missing_or_broken_strut
strut-10030,634.83,682.12,400.33,0.7584587813620072,0.836957055214724,0.5260578186596583,edge,0.696,possible_missing_or_broken_strut
strut-10032,674.75,760.79,360.66,0.8061529271206691,0.933484662576687,0.4739290407358739,edge,0.85,possible_missing_or_broken_strut
strut-10033,635.26,760.99,360.62,0.7589725209080048,0.9337300613496933,0.4738764783180026,edge,0.85,possible_missing_or_broken_strut
strut-10034,635.23,761.1,400.11,0.758936678614098,0.9338650306748466,0.5257687253613667,edge,0.85,possible_missing_or_broken_strut
strut-10035,674.72,760.9,400.14,0.8061170848267623,0.9336196319018405,0.52580814717477,edge,0.85,possible_missing_or_broken_strut
strut-10057,773.37,740.54,360.79,0.9239784946236559,0.9086380368098159,0.47409986859395536,edge,0.542,possible_missing_or_broken_strut
strut-10064,753.73,760.39,360.72,0.9005137395459977,0.9329938650306748,0.4740078843626807,edge,0.85,possible_missing_or_broken_strut
strut-10065,714.24,760.59,360.69,0.8533333333333334,0.933239263803681,0.47396846254927727,edge,0.85,possible_missing_or_broken_strut
strut-10066,714.21,760.7,400.18,0.8532974910394265,0.9333742331288344,0.5258607095926413,edge,0.85,possible_missing_or_broken_strut
strut-10067,753.69,760.49,400.21,0.9004659498207886,0.9331165644171779,0.5259001314060446,edge,0.85,possible_missing_or_broken_strut
strut-10281,770.09,108.95,441.52,0.9200597371565113,0.13368098159509204,0.5801839684625493,edge,0.85,possible_missing_or_broken_strut
strut-10283,770.06,109.06,481.01,0.9200238948626045,0.1338159509202454,0.6320762155059133,edge,0.85,possible_missing_or_broken_strut
strut-10295,730.4,69.66,441.59,0.8726403823178016,0.08547239263803681,0.5802759526938239,edge,0.542,possible_missing_or_broken_strut
strut-10298,730.57,109.26,480.97,0.8728434886499403,0.13406134969325154,0.6320236530880421,edge,0.542,possible_missing_or_broken_strut
strut-10500,770.29,148.44,441.41,0.9202986857825567,0.18213496932515338,0.5800394218134034,edge,0.85,possible_missing_or_broken_strut
strut-10501,770.49,187.93,441.3,0.9205376344086021,0.23058895705521473,0.5798948751642575,edge,0.85,possible_missing_or_broken_strut
strut-10502,770.26,148.55,480.9,0.92026284348865,0.18226993865030677,0.6319316688567674,edge,0.85,possible_missing_or_broken_strut
strut-10503,770.46,188.04,480.79,0.9205017921146954,0.2307239263803681,0.6317871222076216,edge,0.85,possible_missing_or_broken_strut
strut-10515,730.8,148.64,441.38,0.8731182795698924,0.1823803680981595,0.58,edge,0.542,possible_missing_or_broken_strut
strut-10518,730.97,188.24,480.76,0.8733213859020311,0.23096932515337423,0.6317477003942181,edge,0.542,possible_missing_or_broken_strut
strut-10720,770.69,227.41,441.19,0.9207765830346476,0.27903067484662575,0.5797503285151117,edge,0.85,possible_missing_or_broken_strut
strut-10721,770.9,266.9,441.08,0.9210274790919952,0.32748466257668707,0.5796057818659658,edge,0.85,possible_missing_or_broken_strut
strut-10722,770.66,227.52,480.68,0.9207407407407407,0.27916564417177914,0.6316425755584757,edge,0.85,possible_missing_or_broken_strut
strut-10723,770.86,267.01,480.57,0.9209796893667862,0.32761963190184046,0.6314980289093298,edge,0.85,possible_missing_or_broken_strut
strut-10737,731.17,227.72,480.65,0.8735603345280765,0.27941104294478525,0.6316031537450723,edge,0.542,possible_missing_or_broken_strut
strut-10940,771.1,306.39,440.97,0.9212664277180407,0.37593865030674845,0.57946123521682,edge,0.85,possible_missing_or_broken_strut
strut-10942,771.06,306.5,480.46,0.9212186379928314,0.37607361963190183,0.631353482260184,edge,0.85,possible_missing_or_broken_strut
strut-10943,771.27,345.99,480.35,0.9214695340501792,0.4245276073619632,0.6312089356110382,edge,0.85,possible_missing_or_broken_strut
strut-11160,771.5,385.37,440.75,0.9217443249701314,0.4728466257668712,0.5791721419185283,edge,0.85,possible_missing_or_broken_strut
strut-11162,771.47,385.48,480.24,0.9217084826762246,0.4729815950920246,0.6310643889618922,edge,0.85,possible_missing_or_broken_strut
strut-11382,771.87,464.45,480.02,0.9221863799283154,0.569877300613497,0.6307752956636005,edge,0.542,possible_missing_or_broken_strut
strut-11650,141.06,665.11,478.95,0.1685304659498208,0.8160858895705522,0.6293692509855453,edge,0.773,possible_missing_or_broken_strut
strut-11766,595.22,662.63,420.1,0.7111350059737157,0.8130429447852761,0.5520367936925099,edge,0.773,possible_missing_or_broken_strut
strut-11791,634.71,662.43,420.13,0.75831541218638,0.8127975460122698,0.5520762155059132,edge,0.619,possible_missing_or_broken_strut
strut-11793,614.95,662.59,439.86,0.7347072879330945,0.8129938650306748,0.5780026281208935,edge,0.773,possible_missing_or_broken_strut
strut-11851,121.42,684.95,478.88,0.1450657108721625,0.8404294478527607,0.6292772667542706,edge,0.696,possible_missing_or_broken_strut
strut-11852,121.85,763.82,439.18,0.1455794504181601,0.9372024539877302,0.5771090670170828,edge,0.85,possible_missing_or_broken_strut
strut-11853,82.36,764.02,439.14,0.09839904420549582,0.9374478527607362,0.5770565045992115,edge,0.85,possible_missing_or_broken_strut
strut-11854,82.33,764.13,478.63,0.09836320191158901,0.9375828220858896,0.6289487516425756,edge,0.85,possible_missing_or_broken_strut
strut-11855,121.82,763.93,478.66,0.14554360812425327,0.9373374233128834,0.628988173455979,edge,0.85,possible_missing_or_broken_strut
strut-11875,141.26,704.59,478.84,0.16876941457586617,0.8645276073619632,0.6292247043363994,edge,0.696,possible_missing_or_broken_strut
strut-11878,160.9,684.75,478.92,0.1922341696535245,0.8401840490797546,0.629329829172142,edge,0.773,possible_missing_or_broken_strut
strut-11880,200.83,763.42,439.24,0.23994026284348866,0.9367116564417177,0.5771879106438896,edge,0.85,possible_missing_or_broken_strut
strut-11881,161.34,763.62,439.21,0.19275985663082437,0.9369570552147239,0.5771484888304862,edge,0.85,possible_missing_or_broken_strut
strut-11882,161.31,763.73,478.7,0.19272401433691758,0.9370920245398773,0.6290407358738502,edge,0.85,possible_missing_or_broken_strut
strut-11883,200.79,763.53,478.73,0.23989247311827955,0.9368466257668712,0.6290801576872537,edge,0.85,possible_missing_or_broken_strut
strut-11908,279.8,763.01,439.31,0.33428912783751497,0.9362085889570552,0.5772798948751643,edge,0.85,possible_missing_or_broken_strut
strut-11909,240.32,763.21,439.27,0.2871206690561529,0.9364539877300614,0.577227332457293,edge,0.85,possible_missing_or_broken_strut
strut-11910,240.28,763.32,478.76,0.28707287933094383,0.9365889570552148,0.629119579500657,edge,0.85,possible_missing_or_broken_strut
strut-11911,279.77,763.12,478.79,0.3342532855436081,0.9363435582822086,0.6291590013140604,edge,0.85,possible_missing_or_broken_strut
strut-11936,358.78,762.61,439.37,0.4286499402628435,0.9357177914110429,0.5773587385019711,edge,0.85,possible_missing_or_broken_strut
strut-11937,319.29,762.81,439.34,0.38146953405017925,0.935963190184049,0.5773193166885676,edge,0.85,possible_missing_or_broken_strut
strut-11938,319.26,762.92,478.83,0.3814336917562724,0.9360981595092024,0.6292115637319317,edge,0.85,possible_missing_or_broken_strut
strut-11939,358.75,762.72,478.86,0.4286140979689367,0.9358527607361964,0.6292509855453351,edge,0.85,possible_missing_or_broken_strut
strut-11963,437.32,683.34,479.14,0.5224850657108722,0.8384539877300614,0.6296189224704336,edge,0.542,possible_missing_or_broken_strut
strut-11964,437.76,762.21,439.44,0.523010752688172,0.9352269938650307,0.5774507227332457,edge,0.85,possible_missing_or_broken_strut
strut-11965,398.27,762.41,439.4,0.47583034647550776,0.9354723926380367,0.5773981603153745,edge,0.85,possible_missing_or_broken_strut
strut-11966,398.24,762.52,478.89,0.47579450418160096,0.9356073619631902,0.6292904073587385,edge,0.85,possible_missing_or_broken_strut
strut-11967,437.72,762.32,478.93,0.522962962962963,0.9353619631901842,0.6293429697766098,edge,0.85,possible_missing_or_broken_strut
strut-11984,457.2,702.88,439.62,0.546236559139785,0.8624294478527608,0.5776872536136662,edge,0.542,possible_missing_or_broken_strut
strut-11992,516.73,761.81,439.5,0.6173596176821984,0.9347361963190184,0.5775295663600526,edge,0.85,possible_missing_or_broken_strut
strut-11993,477.24,762.01,439.47,0.5701792114695341,0.9349815950920245,0.5774901445466492,edge,0.85,possible_missing_or_broken_strut
strut-11994,477.21,762.12,478.96,0.5701433691756272,0.9351165644171779,0.6293823915900131,edge,0.85,possible_missing_or_broken_strut
strut-11995,516.7,761.92,478.99,0.6173237753882915,0.9348711656441717,0.6294218134034165,edge,0.85,possible_missing_or_broken_strut
strut-12009,595.42,702.12,419.99,0.711373954599761,0.8614969325153374,0.551892247043364,edge,0.696,possible_missing_or_broken_strut
strut-12017,595.31,682.43,439.79,0.711242532855436,0.8373374233128834,0.577910643889619,edge,0.85,possible_missing_or_broken_strut
strut-12020,595.71,761.41,439.57,0.711720430107527,0.934245398773006,0.5776215505913271,edge,0.85,possible_missing_or_broken_strut
strut-12021,556.22,761.61,439.54,0.6645400238948627,0.9344907975460123,0.5775821287779238,edge,0.85,possible_missing_or_broken_strut
strut-12022,556.19,761.72,479.02,0.6645041816009558,0.9346257668711657,0.62946123521682,edge,0.85,possible_missing_or_broken_strut
strut-12023,595.68,761.52,479.06,0.71168458781362,0.9343803680981595,0.6295137976346912,edge,0.85,possible_missing_or_broken_strut
strut-12036,634.91,701.92,420.02,0.7585543608124253,0.8612515337423312,0.5519316688567674,edge,0.619,possible_missing_or_broken_strut
strut-12040,615.15,702.07,439.75,0.7349462365591397,0.861435582822086,0.5778580814717477,edge,0.619,possible_missing_or_broken_strut
strut-12044,634.8,682.23,439.82,0.7584229390681003,0.8370920245398773,0.5779500657030223,edge,0.696,possible_missing_or_broken_strut
strut-12048,674.69,761.01,439.63,0.8060812425328555,0.9337546012269938,0.577700394218134,edge,0.85,possible_missing_or_broken_strut
strut-12049,635.2,761.21,439.6,0.7589008363201912,0.934,0.5776609724047307,edge,0.85,possible_missing_or_broken_strut
strut-12050,635.17,761.32,479.09,0.7588649940262843,0.9341349693251534,0.6295532194480946,edge,0.85,possible_missing_or_broken_strut
strut-12051,674.65,761.12,479.12,0.8060334528076464,0.9338895705521473,0.629592641261498,edge,0.85,possible_missing_or_broken_strut
strut-12080,753.66,760.6,439.7,0.9004301075268817,0.9332515337423313,0.5777923784494087,edge,0.85,possible_missing_or_broken_strut
strut-12081,714.17,760.81,439.67,0.8532497013142174,0.9335092024539876,0.5777529566360052,edge,0.85,possible_missing_or_broken_strut
strut-12082,714.14,760.91,479.15,0.8532138590203107,0.9336319018404907,0.6296320630749014,edge,0.85,possible_missing_or_broken_strut
strut-12083,753.63,760.71,479.19,0.9003942652329749,0.9333865030674847,0.6296846254927727,edge,0.85,possible_missing_or_broken_strut
strut-12281,671.29,109.73,540.16,0.8020191158900836,0.13463803680981595,0.7098028909329829,edge,0.542,possible_missing_or_broken_strut
strut-12286,651.53,109.88,559.89,0.778410991636798,0.13482208588957054,0.7357293035479632,edge,0.619,possible_missing_or_broken_strut
strut-12297,770.03,109.17,520.49,0.9199880525686976,0.13395092024539879,0.6839553219448095,edge,0.542,possible_missing_or_broken_strut
strut-12516,770.23,148.66,520.39,0.9202270011947431,0.1824049079754601,0.6838239159001314,edge,0.85,possible_missing_or_broken_strut
strut-12517,770.43,188.14,520.28,0.9204659498207884,0.23084662576687115,0.6836793692509855,edge,0.85,possible_missing_or_broken_strut
strut-12518,770.2,148.77,559.87,0.9201911589008364,0.18253987730061352,0.7357030223390276,edge,0.85,possible_missing_or_broken_strut
strut-12519,770.4,188.25,559.77,0.9204301075268817,0.23098159509202454,0.7355716162943495,edge,0.85,possible_missing_or_broken_strut
strut-12534,730.91,188.45,559.73,0.8732497013142174,0.23122699386503065,0.7355190538764783,edge,0.542,possible_missing_or_broken_strut
strut-12619,355.87,210.11,559.37,0.42517323775388294,0.2578036809815951,0.7350459921156374,center,0.619,possible_missing_or_broken_strut
strut-12639,375.72,229.75,559.33,0.44888888888888895,0.28190184049079753,0.7349934296977662,center,0.619,possible_missing_or_broken_strut
strut-12709,612.88,267.92,519.93,0.7322341696535245,0.3287361963190184,0.6832194480946123,center,0.542,possible_missing_or_broken_strut
strut-12736,770.63,227.63,520.17,0.9207048984468339,0.2793006134969325,0.6835348226018396,edge,0.85,possible_missing_or_broken_strut
strut-12737,770.83,267.12,520.06,0.9209438470728794,0.32775460122699385,0.6833902759526937,edge,0.85,possible_missing_or_broken_strut
strut-12738,770.6,227.74,559.66,0.9206690561529272,0.2794355828220859,0.7354270696452037,edge,0.85,possible_missing_or_broken_strut
strut-12739,770.8,267.23,559.55,0.9209080047789725,0.32788957055214724,0.7352825229960578,edge,0.85,possible_missing_or_broken_strut
strut-12754,731.31,267.43,559.51,0.8737275985663082,0.3281349693251534,0.7352299605781866,edge,0.542,possible_missing_or_broken_strut
strut-12956,771.03,306.61,519.95,0.9211827956989247,0.3762085889570552,0.683245729303548,edge,0.85,possible_missing_or_broken_strut
strut-12957,771.23,346.1,519.84,0.9214217443249701,0.4246625766871166,0.6831011826544021,edge,0.85,possible_missing_or_broken_strut
strut-12958,771.0,306.72,559.44,0.921146953405018,0.3763435582822086,0.735137976346912,edge,0.85,possible_missing_or_broken_strut
strut-12959,771.2,346.21,559.33,0.9213859020310634,0.42479754601226993,0.7349934296977662,edge,0.85,possible_missing_or_broken_strut
strut-13061,317.42,407.64,519.3,0.37923536439665473,0.5001717791411042,0.6823915900131405,center,0.619,possible_missing_or_broken_strut
strut-13176,771.43,385.59,519.73,0.9216606929510155,0.47311656441717787,0.6829566360052562,edge,0.85,possible_missing_or_broken_strut
strut-13177,771.64,425.07,519.62,0.9219115890083632,0.5215582822085889,0.6828120893561104,edge,0.542,possible_missing_or_broken_strut
strut-13178,771.4,385.69,559.22,0.9216248506571086,0.473239263803681,0.7348488830486203,edge,0.85,possible_missing_or_broken_strut
strut-13232,159.84,487.53,558.44,0.19096774193548388,0.5981963190184049,0.7338239159001315,edge,0.619,possible_missing_or_broken_strut
strut-13396,771.84,464.56,519.51,0.9221505376344087,0.5700122699386503,0.6826675427069645,edge,0.542,possible_missing_or_broken_strut
strut-13398,771.8,464.67,559.0,0.9221027479091994,0.5701472392638037,0.7345597897503285,edge,0.542,possible_missing_or_broken_strut
strut-13452,160.24,566.5,558.22,0.19144563918757468,0.6950920245398773,0.7335348226018398,edge,0.619,possible_missing_or_broken_strut
strut-13638,121.3,665.26,498.68,0.14492234169653523,0.8162699386503067,0.6552956636005256,edge,0.696,possible_missing_or_broken_strut
strut-13663,160.79,665.06,498.71,0.1921027479091995,0.8160245398773005,0.655335085413929,edge,0.696,possible_missing_or_broken_strut
strut-13665,141.03,665.22,518.44,0.16849462365591397,0.8162208588957055,0.6812614980289095,edge,0.773,possible_missing_or_broken_strut
strut-13857,121.5,704.75,498.57,0.14516129032258066,0.8647239263803681,0.6551511169513797,edge,0.619,possible_missing_or_broken_strut
strut-13865,121.38,685.06,518.37,0.1450179211469534,0.8405644171779141,0.6811695137976347,edge,0.696,possible_missing_or_broken_strut
strut-13868,121.79,764.04,518.15,0.14550776583034647,0.9374723926380367,0.6808804204993429,edge,0.85,possible_missing_or_broken_strut
strut-13869,82.3,764.24,518.12,0.0983273596176822,0.937717791411043,0.6808409986859396,edge,0.85,possible_missing_or_broken_strut
strut-13870,82.27,764.35,557.61,0.09829151732377539,0.9378527607361964,0.7327332457293035,edge,0.85,possible_missing_or_broken_strut
strut-13871,121.75,764.15,557.64,0.1454599761051374,0.9376073619631902,0.732772667542707,edge,0.85,possible_missing_or_broken_strut
strut-13884,160.99,704.55,498.6,0.19234169653524494,0.8644785276073619,0.6551905387647832,edge,0.696,possible_missing_or_broken_strut
strut-13888,141.23,704.7,518.33,0.16873357228195937,0.8646625766871167,0.6811169513797635,edge,0.696,possible_missing_or_broken_strut
strut-13892,160.87,684.86,518.4,0.1921983273596177,0.840319018404908,0.6812089356110381,edge,0.773,possible_missing_or_broken_strut
strut-13896,200.76,763.63,518.22,0.23985663082437275,0.9369693251533743,0.6809724047306176,edge,0.85,possible_missing_or_broken_strut
strut-13897,161.27,763.84,518.19,0.1926762246117085,0.9372269938650307,0.6809329829172143,edge,0.85,possible_missing_or_broken_strut
strut-13898,161.24,763.94,557.67,0.19264038231780167,0.9373496932515338,0.7328120893561103,edge,0.85,possible_missing_or_broken_strut
strut-13899,200.73,763.74,557.71,0.23982078853046593,0.9371042944785276,0.7328646517739816,edge,0.85,possible_missing_or_broken_strut
strut-13924,279.74,763.23,518.28,0.3342174432497013,0.9364785276073619,0.6810512483574244,edge,0.85,possible_missing_or_broken_strut
strut-13925,240.25,763.43,518.25,0.28703703703703703,0.936723926380368,0.681011826544021,edge,0.85,possible_missing_or_broken_strut
strut-13926,240.22,763.54,557.74,0.28700119474313024,0.9368588957055214,0.7329040735873851,edge,0.85,possible_missing_or_broken_strut
strut-13927,279.71,763.34,557.77,0.33418160095579447,0.9366134969325154,0.7329434954007884,edge,0.85,possible_missing_or_broken_strut
strut-13952,358.72,762.83,518.35,0.4285782556750299,0.9359877300613497,0.6811432325886991,edge,0.85,possible_missing_or_broken_strut
strut-13953,319.23,763.03,518.32,0.3813978494623656,0.9362331288343558,0.6811038107752957,edge,0.85,possible_missing_or_broken_strut
strut-13954,319.2,763.14,557.8,0.38136200716845875,0.9363680981595092,0.7329829172141918,edge,0.85,possible_missing_or_broken_strut
strut-13955,358.68,762.94,557.84,0.4285304659498208,0.9361226993865032,0.7330354796320632,edge,0.85,possible_missing_or_broken_strut
strut-13980,437.69,762.43,518.41,0.5229271206690561,0.9354969325153374,0.6812220762155059,edge,0.85,possible_missing_or_broken_strut
strut-13981,398.2,762.63,518.38,0.4757467144563919,0.9357423312883435,0.6811826544021025,edge,0.85,possible_missing_or_broken_strut
strut-13982,398.17,762.74,557.87,0.4757108721624851,0.9358773006134969,0.7330749014454665,edge,0.85,possible_missing_or_broken_strut
strut-13983,437.66,762.54,557.9,0.5228912783751494,0.9356319018404907,0.7331143232588698,edge,0.85,possible_missing_or_broken_strut
strut-14008,516.67,762.03,518.48,0.6172879330943847,0.9350061349693252,0.6813140604467806,edge,0.85,possible_missing_or_broken_strut
strut-14009,477.18,762.23,518.45,0.5701075268817204,0.9352515337423313,0.6812746386333772,edge,0.85,possible_missing_or_broken_strut
strut-14010,477.15,762.34,557.94,0.5700716845878135,0.9353865030674847,0.7331668856767412,edge,0.85,possible_missing_or_broken_strut
strut-14011,516.64,762.14,557.97,0.6172520908004778,0.9351411042944785,0.7332063074901446,edge,0.85,possible_missing_or_broken_strut
strut-14036,595.65,761.63,518.55,0.7116487455197132,0.9345153374233128,0.6814060446780551,edge,0.85,possible_missing_or_broken_strut
strut-14037,556.16,761.83,518.51,0.664468339307049,0.934760736196319,0.681353482260184,edge,0.85,possible_missing_or_broken_strut
strut-14038,556.12,761.94,558.0,0.6644205495818399,0.9348957055214725,0.7332457293035479,edge,0.85,possible_missing_or_broken_strut
strut-14039,595.61,761.74,558.03,0.7116009557945042,0.9346503067484663,0.7332851511169514,edge,0.85,possible_missing_or_broken_strut
strut-14064,674.62,761.22,518.61,0.8059976105137395,0.9340122699386504,0.6814848883048621,edge,0.85,possible_missing_or_broken_strut
strut-14065,635.13,761.43,518.58,0.7588172043010752,0.9342699386503067,0.6814454664914587,edge,0.85,possible_missing_or_broken_strut
strut-14066,635.1,761.54,558.07,0.7587813620071685,0.93440490797546,0.7333377135348227,edge,0.85,possible_missing_or_broken_strut
strut-14067,674.59,761.33,558.1,0.8059617682198328,0.9341472392638037,0.733377135348226,edge,0.85,possible_missing_or_broken_strut
strut-14096,753.6,760.82,518.68,0.9003584229390681,0.933521472392638,0.6815768725361366,edge,0.85,possible_missing_or_broken_strut
strut-14097,714.11,761.02,518.64,0.8531780167264038,0.9337668711656442,0.6815243101182654,edge,0.85,possible_missing_or_broken_strut
strut-14098,714.08,761.13,558.13,0.8531421744324971,0.9339018404907975,0.7334165571616295,edge,0.85,possible_missing_or_broken_strut
strut-14099,753.57,760.93,558.16,0.9003225806451614,0.9336564417177914,0.7334559789750328,edge,0.85,possible_missing_or_broken_strut
strut-14119,58.94,73.62,638.48,0.07041816009557945,0.09033128834355829,0.8390013140604468,edge,0.619,possible_missing_or_broken_strut
strut-14210,434.33,111.04,579.45,0.5189127837514934,0.13624539877300615,0.7614323258869908,edge,0.619,possible_missing_or_broken_strut
strut-14297,671.23,109.94,619.13,0.8019474313022701,0.1348957055214724,0.8135742444152431,edge,0.542,possible_missing_or_broken_strut
strut-14310,690.95,109.9,638.9,0.8255077658303466,0.13484662576687118,0.8395532194480946,edge,0.542,possible_missing_or_broken_strut
strut-14327,730.27,70.1,599.55,0.8724850657108721,0.0860122699386503,0.7878449408672799,edge,0.542,possible_missing_or_broken_strut
strut-14532,770.16,148.88,599.36,0.9201433691756272,0.18267484662576686,0.7875952693823917,edge,0.85,possible_missing_or_broken_strut
strut-14533,770.37,188.36,599.25,0.920394265232975,0.23111656441717793,0.7874507227332457,edge,0.85,possible_missing_or_broken_strut
strut-14534,770.13,148.98,638.85,0.9201075268817204,0.1827975460122699,0.8394875164257556,edge,0.85,possible_missing_or_broken_strut
strut-14535,770.33,188.47,638.74,0.9203464755077658,0.2312515337423313,0.8393429697766097,edge,0.85,possible_missing_or_broken_strut
strut-14550,730.84,188.67,638.71,0.8731660692951015,0.2314969325153374,0.8393035479632064,edge,0.542,possible_missing_or_broken_strut
strut-14551,730.88,188.56,599.22,0.8732138590203107,0.23136196319018404,0.7874113009198423,edge,0.542,possible_missing_or_broken_strut
strut-14625,355.96,229.91,579.06,0.4252807646356033,0.2820981595092025,0.7609198423127463,center,0.619,possible_missing_or_broken_strut
strut-14637,316.55,249.9,598.71,0.37819593787335726,0.30662576687116566,0.7867411300919843,center,0.619,possible_missing_or_broken_strut
strut-14752,770.57,227.85,599.14,0.9206332138590204,0.27957055214723925,0.7873061760840998,edge,0.85,possible_missing_or_broken_strut
strut-14753,770.77,267.34,599.04,0.9208721624850656,0.32802453987730057,0.7871747700394217,edge,0.85,possible_missing_or_broken_strut
strut-14754,770.53,227.96,638.63,0.9205854241338112,0.27970552147239264,0.8391984231274638,edge,0.85,possible_missing_or_broken_strut
strut-14755,770.74,267.45,638.52,0.9208363201911589,0.32815950920245396,0.839053876478318,edge,0.85,possible_missing_or_broken_strut
strut-14767,731.08,228.05,599.11,0.8734528076463561,0.2798159509202454,0.7872667542706965,edge,0.542,possible_missing_or_broken_strut
strut-14972,770.97,306.83,598.93,0.9211111111111111,0.37647852760736195,0.7870302233902758,edge,0.85,possible_missing_or_broken_strut
strut-14973,771.17,346.32,598.82,0.9213500597371564,0.4249325153374233,0.7868856767411302,edge,0.85,possible_missing_or_broken_strut
strut-14974,770.94,306.94,638.41,0.9210752688172044,0.37661349693251533,0.8389093298291721,edge,0.85,possible_missing_or_broken_strut
strut-14975,771.14,346.43,638.31,0.9213142174432497,0.4250674846625767,0.838777923784494,edge,0.85,possible_missing_or_broken_strut
strut-15192,771.37,385.8,598.71,0.9215890083632019,0.47337423312883437,0.7867411300919843,edge,0.85,possible_missing_or_broken_strut
strut-15193,771.57,425.29,598.6,0.9218279569892474,0.5218282208588957,0.7865965834428384,edge,0.85,possible_missing_or_broken_strut
strut-15194,771.34,385.91,638.2,0.9215531660692952,0.47350920245398775,0.8386333771353482,edge,0.85,possible_missing_or_broken_strut
strut-15386,613.99,505.18,637.74,0.7335603345280765,0.6198527607361963,0.8380289093298292,edge,0.542,possible_missing_or_broken_strut
strut-15412,771.77,464.78,598.49,0.9220669056152927,0.5702822085889571,0.7864520367936926,edge,0.619,possible_missing_or_broken_strut
strut-15414,771.74,464.89,637.98,0.922031063321386,0.5704171779141104,0.8383442838370565,edge,0.85,possible_missing_or_broken_strut
strut-15629,693.4,583.65,598.1,0.8284348864994026,0.7161349693251533,0.7859395532194481,edge,0.619,possible_missing_or_broken_strut
strut-15712,239.55,645.3,637.04,0.28620071684587817,0.7917791411042944,0.8371090670170828,edge,0.542,possible_missing_or_broken_strut
strut-15884,121.72,764.25,597.13,0.1454241338112306,0.9377300613496933,0.7846649145860709,edge,0.85,possible_missing_or_broken_strut
strut-15885,82.23,764.46,597.1,0.09824372759856631,0.9379877300613497,0.7846254927726676,edge,0.85,possible_missing_or_broken_strut
strut-15886,82.2,764.57,636.59,0.0982078853046595,0.9381226993865032,0.8365177398160316,edge,0.85,possible_missing_or_broken_strut
strut-15887,121.69,764.36,636.62,0.14538829151732377,0.9378650306748466,0.8365571616294349,edge,0.85,possible_missing_or_broken_strut
strut-15912,200.7,763.85,597.2,0.23978494623655913,0.937239263803681,0.7847568988173457,edge,0.85,possible_missing_or_broken_strut
strut-15913,161.21,764.05,597.16,0.19260454002389488,0.9374846625766871,0.7847043363994743,edge,0.85,possible_missing_or_broken_strut
strut-15914,161.18,764.16,636.65,0.19256869772998805,0.9376196319018405,0.8365965834428384,edge,0.85,possible_missing_or_broken_strut
strut-15915,200.67,763.96,636.68,0.2397491039426523,0.9373742331288344,0.8366360052562417,edge,0.85,possible_missing_or_broken_strut
strut-15939,279.24,684.58,636.97,0.33362007168458785,0.8399754601226994,0.8370170827858082,edge,0.542,possible_missing_or_broken_strut
strut-15940,279.67,763.45,597.26,0.33413381123058544,0.9367484662576687,0.7848357424441524,edge,0.85,possible_missing_or_broken_strut
strut-15941,240.19,763.65,597.23,0.2869653524492234,0.9369938650306748,0.784796320630749,edge,0.85,possible_missing_or_broken_strut
strut-15942,240.15,763.76,636.72,0.28691756272401436,0.9371288343558282,0.836688567674113,edge,0.85,possible_missing_or_broken_strut
strut-15943,279.64,763.56,636.75,0.3340979689366786,0.936883435582822,0.8367279894875165,edge,0.85,possible_missing_or_broken_strut
strut-15968,358.65,763.05,597.33,0.42849462365591395,0.9362576687116564,0.7849277266754271,edge,0.85,possible_missing_or_broken_strut
strut-15969,319.16,763.25,597.29,0.3813142174432497,0.9365030674846626,0.7848751642575558,edge,0.85,possible_missing_or_broken_strut
strut-15970,319.13,763.36,636.78,0.3812783751493429,0.9366380368098159,0.8367674113009198,edge,0.85,possible_missing_or_broken_strut
strut-15971,358.62,763.16,636.81,0.42845878136200716,0.9363926380368098,0.8368068331143231,edge,0.85,possible_missing_or_broken_strut
strut-15996,437.63,762.65,597.39,0.5228554360812425,0.9357668711656442,0.7850065703022339,edge,0.85,possible_missing_or_broken_strut
strut-15997,398.14,762.85,597.36,0.47567502986857824,0.9360122699386504,0.7849671484888305,edge,0.85,possible_missing_or_broken_strut
strut-15998,398.11,762.96,636.85,0.47563918757467144,0.9361472392638037,0.8368593955321945,edge,0.85,possible_missing_or_broken_strut
strut-15999,437.6,762.76,636.88,0.5228195937873358,0.9359018404907975,0.8368988173455979,edge,0.85,possible_missing_or_broken_strut
strut-16024,516.6,762.25,597.46,0.6172043010752688,0.9352760736196319,0.7850985545335086,edge,0.85,possible_missing_or_broken_strut
strut-16025,477.12,762.45,597.42,0.5700358422939068,0.935521472392638,0.7850459921156373,edge,0.85,possible_missing_or_broken_strut
strut-16026,477.08,762.56,636.91,0.5699880525686977,0.9356564417177914,0.8369382391590012,edge,0.85,possible_missing_or_broken_strut
strut-16027,516.57,762.36,636.95,0.6171684587813621,0.9354110429447853,0.8369908015768726,edge,0.85,possible_missing_or_broken_strut
strut-16052,595.58,761.85,597.52,0.7115651135005974,0.9347852760736196,0.7851773981603154,edge,0.85,possible_missing_or_broken_strut
strut-16053,556.09,762.05,597.49,0.6643847072879331,0.9350306748466257,0.785137976346912,edge,0.85,possible_missing_or_broken_strut
strut-16054,556.06,762.16,636.98,0.6643488649940262,0.935165644171779,0.837030223390276,edge,0.85,possible_missing_or_broken_strut
strut-16055,595.55,761.95,637.01,0.7115292712066905,0.9349079754601227,0.8370696452036793,edge,0.85,possible_missing_or_broken_strut
strut-16080,674.56,761.44,597.59,0.8059259259259258,0.9342822085889572,0.78526938239159,edge,0.85,possible_missing_or_broken_strut
strut-16081,635.07,761.64,597.56,0.7587455197132618,0.9345276073619632,0.7852299605781865,edge,0.85,possible_missing_or_broken_strut
strut-16082,635.04,761.75,637.04,0.7587096774193548,0.9346625766871166,0.8371090670170828,edge,0.85,possible_missing_or_broken_strut
strut-16083,674.53,761.55,637.08,0.8058900836320191,0.9344171779141104,0.8371616294349541,edge,0.85,possible_missing_or_broken_strut
strut-16105,773.18,741.2,597.72,0.9237514934289127,0.9094478527607363,0.7854402102496715,edge,0.619,possible_missing_or_broken_strut
strut-16112,753.53,761.04,597.65,0.9002747909199522,0.9337914110429447,0.7853482260183968,edge,0.85,possible_missing_or_broken_strut
strut-16113,714.05,761.24,597.62,0.8531063321385901,0.9340368098159509,0.7853088042049934,edge,0.85,possible_missing_or_broken_strut
strut-16114,714.01,761.35,637.11,0.8530585424133811,0.9341717791411043,0.8372010512483574,edge,0.85,possible_missing_or_broken_strut
strut-16115,753.5,761.15,637.14,0.9002389486260454,0.9339263803680982,0.8372404730617609,edge,0.85,possible_missing_or_broken_strut
strut-16381,730.18,70.43,718.01,0.8723775388291517,0.08641717791411044,0.9435085413929041,edge,0.542,possible_missing_or_broken_strut
strut-16382,730.38,109.92,717.91,0.8726164874551972,0.1348711656441718,0.943377135348226,edge,0.542,possible_missing_or_broken_strut
strut-16383,730.41,109.81,678.42,0.8726523297491039,0.1347361963190184,0.8914848883048619,edge,0.542,possible_missing_or_broken_strut
strut-16620,770.1,149.09,678.34,0.9200716845878136,0.18293251533742333,0.8913797634691196,edge,0.85,possible_missing_or_broken_strut
strut-16621,770.3,188.58,678.23,0.920310633213859,0.23138650306748468,0.8912352168199738,edge,0.85,possible_missing_or_broken_strut
strut-16622,770.07,149.2,717.83,0.9200358422939069,0.18306748466257666,0.9432720105124837,edge,0.773,possible_missing_or_broken_strut
strut-16623,770.27,188.69,717.72,0.9202747909199522,0.23152147239263804,0.9431274638633378,edge,0.85,possible_missing_or_broken_strut
strut-16820,553.22,209.43,678.0,0.6609557945041816,0.25696932515337423,0.8909329829172142,edge,0.542,possible_missing_or_broken_strut
strut-16876,770.5,228.07,678.12,0.9205495818399044,0.279840490797546,0.8910906701708279,edge,0.85,possible_missing_or_broken_strut
strut-16877,770.7,267.56,678.01,0.9207885304659499,0.32829447852760735,0.890946123521682,edge,0.85,possible_missing_or_broken_strut
strut-16878,770.47,228.18,717.61,0.9205137395459977,0.2799754601226994,0.9429829172141919,edge,0.85,possible_missing_or_broken_strut
strut-16879,770.67,267.67,717.5,0.9207526881720429,0.32842944785276074,0.942838370565046,edge,0.85,possible_missing_or_broken_strut
strut-17007,336.73,348.74,677.43,0.40230585424133813,0.42790184049079755,0.8901839684625492,edge,0.542,possible_missing_or_broken_strut
strut-17132,770.9,307.05,677.9,0.9210274790919952,0.3767484662576687,0.8908015768725361,edge,0.85,possible_missing_or_broken_strut
strut-17133,771.1,346.53,677.79,0.9212664277180407,0.4251901840490797,0.8906570302233903,edge,0.85,possible_missing_or_broken_strut
strut-17134,770.87,307.16,717.39,0.9209916367980884,0.3768834355828221,0.9426938239159001,edge,0.85,possible_missing_or_broken_strut
strut-17135,771.07,346.64,717.28,0.9212305854241338,0.4253251533742331,0.9425492772667542,edge,0.85,possible_missing_or_broken_strut
strut-17388,771.31,386.02,677.68,0.9215173237753882,0.4736441717791411,0.8905124835742444,edge,0.85,possible_missing_or_broken_strut
strut-17390,771.27,386.13,717.17,0.9214695340501792,0.4737791411042945,0.9424047306176083,edge,0.85,possible_missing_or_broken_strut
strut-17391,771.47,425.62,717.06,0.9217084826762246,0.5222331288343558,0.9422601839684625,edge,0.85,possible_missing_or_broken_strut
strut-17607,633.72,505.14,657.5,0.7571326164874552,0.6198036809815951,0.8639947437582128,edge,0.542,possible_missing_or_broken_strut
strut-17644,771.71,465.0,677.47,0.9219952210274791,0.5705521472392638,0.8902365308804205,edge,0.85,possible_missing_or_broken_strut
strut-17646,771.68,465.11,716.95,0.9219593787335723,0.5706871165644172,0.9421156373193168,edge,0.85,possible_missing_or_broken_strut
strut-17647,771.88,504.6,716.85,0.9221983273596177,0.6191411042944786,0.9419842312746387,edge,0.85,possible_missing_or_broken_strut
strut-18192,121.66,764.47,676.11,0.14535244922341697,0.9380000000000001,0.888449408672799,edge,0.85,possible_missing_or_broken_strut
strut-18193,82.17,764.67,676.07,0.09817204301075269,0.9382453987730061,0.8883968462549278,edge,0.85,possible_missing_or_broken_strut
strut-18194,82.14,764.78,715.56,0.09813620071684588,0.9383803680981595,0.9402890932982917,edge,0.85,possible_missing_or_broken_strut
strut-18195,121.63,764.58,715.6,0.14531660692951015,0.9381349693251534,0.940341655716163,edge,0.85,possible_missing_or_broken_strut
strut-18200,121.46,724.99,676.22,0.14511350059737155,0.889558282208589,0.8885939553219449,edge,0.542,possible_missing_or_broken_strut
strut-18224,200.63,764.07,676.17,0.23970131421744326,0.9375092024539878,0.8885282522996057,edge,0.85,possible_missing_or_broken_strut
strut-18225,161.15,764.27,676.14,0.19253285543608126,0.9377546012269938,0.8884888304862023,edge,0.85,possible_missing_or_broken_strut
strut-18226,161.11,764.38,715.63,0.19248506571087218,0.9378895705521473,0.9403810775295663,edge,0.85,possible_missing_or_broken_strut
strut-18227,200.6,764.18,715.66,0.23966547192353643,0.9376441717791411,0.9404204993429698,edge,0.85,possible_missing_or_broken_strut
strut-18249,220.28,744.23,676.24,0.26317801672640384,0.9131656441717791,0.8886202365308804,edge,0.542,possible_missing_or_broken_strut
strut-18256,279.61,763.67,676.24,0.3340621266427718,0.9370184049079754,0.8886202365308804,edge,0.85,possible_missing_or_broken_strut
strut-18257,240.12,763.87,676.21,0.2868817204301075,0.9372638036809816,0.8885808147174771,edge,0.85,possible_missing_or_broken_strut
strut-18258,240.09,763.98,715.69,0.2868458781362007,0.9373987730061349,0.9404599211563732,edge,0.85,possible_missing_or_broken_strut
strut-18259,279.58,763.78,715.73,0.334026284348865,0.9371533742331288,0.9405124835742444,edge,0.85,possible_missing_or_broken_strut
strut-18274,358.5,743.47,656.61,0.4283154121863799,0.9122331288343558,0.8628252299605782,edge,0.619,possible_missing_or_broken_strut
strut-18288,358.59,763.27,676.3,0.4284229390681003,0.9365276073619632,0.8886990801576872,edge,0.85,possible_missing_or_broken_strut
strut-18289,319.1,763.47,676.27,0.38124253285543613,0.9367730061349694,0.8886596583442838,edge,0.85,possible_missing_or_broken_strut
strut-18290,319.07,763.58,715.76,0.3812066905615293,0.9369079754601227,0.9405519053876478,edge,0.85,possible_missing_or_broken_strut
strut-18291,358.55,763.38,715.79,0.4283751493428913,0.9366625766871166,0.9405913272010512,edge,0.85,possible_missing_or_broken_strut
strut-18320,437.56,762.87,676.37,0.5227718040621266,0.9360368098159509,0.8887910643889619,edge,0.85,possible_missing_or_broken_strut
strut-18321,398.08,763.07,676.34,0.4756033452807646,0.9362822085889572,0.8887516425755585,edge,0.85,possible_missing_or_broken_strut
strut-18322,398.04,763.18,715.82,0.47555555555555556,0.9364171779141104,0.9406307490144548,edge,0.85,possible_missing_or_broken_strut
strut-18323,437.53,762.98,715.86,0.5227359617682198,0.9361717791411043,0.9406833114323259,edge,0.85,possible_missing_or_broken_strut
strut-18352,516.54,762.47,676.43,0.6171326164874551,0.9355460122699387,0.8888699080157687,edge,0.85,possible_missing_or_broken_strut
strut-18353,477.05,762.67,676.4,0.5699522102747909,0.9357914110429447,0.8888304862023653,edge,0.85,possible_missing_or_broken_strut
strut-18354,477.02,762.78,715.89,0.5699163679808841,0.9359263803680982,0.9407227332457293,edge,0.85,possible_missing_or_broken_strut
strut-18355,516.51,762.58,715.92,0.6170967741935484,0.935680981595092,0.9407621550591326,edge,0.85,possible_missing_or_broken_strut
strut-18384,595.52,762.06,676.5,0.7114934289127838,0.935042944785276,0.8889618922470434,edge,0.85,possible_missing_or_broken_strut
strut-18385,556.03,762.26,676.47,0.6643130227001195,0.9352883435582822,0.88892247043364,edge,0.85,possible_missing_or_broken_strut
strut-18386,556.0,762.37,715.96,0.6642771804062126,0.9354233128834356,0.940814717477004,edge,0.85,possible_missing_or_broken_strut
strut-18387,595.48,762.17,715.99,0.7114456391875746,0.9351779141104294,0.9408541392904074,edge,0.85,possible_missing_or_broken_strut
strut-18416,674.49,761.66,676.57,0.8058422939068101,0.9345521472392637,0.889053876478318,edge,0.85,possible_missing_or_broken_strut
strut-18417,635.0,761.86,676.53,0.7586618876941458,0.9347975460122699,0.8890013140604467,edge,0.85,possible_missing_or_broken_strut
strut-18418,634.97,761.97,716.02,0.758626045400239,0.9349325153374234,0.9408935611038107,edge,0.85,possible_missing_or_broken_strut
strut-18419,674.46,761.77,716.05,0.8058064516129033,0.9346871165644172,0.9409329829172142,edge,0.85,possible_missing_or_broken_strut
strut-18442,694.1,741.93,716.12,0.8292712066905615,0.9103435582822085,0.9410249671484888,edge,0.542,possible_missing_or_broken_strut
strut-18452,753.47,761.26,676.63,0.9002031063321386,0.9340613496932515,0.8891327201051248,edge,0.85,possible_missing_or_broken_strut
strut-18453,713.98,761.46,676.6,0.8530227001194743,0.9343067484662577,0.8890932982917215,edge,0.85,possible_missing_or_broken_strut
strut-18454,713.95,761.57,716.09,0.8529868578255676,0.934441717791411,0.9409855453350855,edge,0.85,possible_missing_or_broken_strut
strut-18455,753.44,761.37,716.12,0.9001672640382319,0.9341963190184049,0.9410249671484888,edge,0.85,possible_missing_or_broken_strut
